<?xml version="1.0" encoding="UTF-8"?>
<!DOCTYPE mapper PUBLIC "-//mybatis.org//DTD Mapper 3.0//EN" "http://mybatis.org/dtd/mybatis-3-mapper.dtd">
<mapper namespace="com.answer.contest.mapper.RecordDetailMapper">
  <resultMap id="BaseResultMap" type="com.answer.contest.entity.RecordDetail">
    <!--
      WARNING - @mbg.generated
    -->
    <result column="id" jdbcType="INTEGER" property="id" />
    <result column="user_id" jdbcType="INTEGER" property="userId" />
    <result column="user_name" jdbcType="VARCHAR" property="userName" />
    <result column="question_id" jdbcType="INTEGER" property="questionId" />
    <result column="question" jdbcType="VARCHAR" property="question" />
    <result column="correct_answer" jdbcType="VARCHAR" property="correctAnswer" />
    <result column="user_answer" jdbcType="VARCHAR" property="userAnswer" />
    <result column="use_time" jdbcType="INTEGER" property="useTime" />
    <result column="score" jdbcType="INTEGER" property="score" />
    <result column="is_correct" jdbcType="BIT" property="isCorrect" />
    <result column="ctime" jdbcType="TIMESTAMP" property="ctime" />
  </resultMap>
</mapper>