<?xml version="1.0" encoding="UTF-8"?>
<!DOCTYPE mapper PUBLIC "-//mybatis.org//DTD Mapper 3.0//EN" "http://mybatis.org/dtd/mybatis-3-mapper.dtd">
<mapper namespace="com.answer.contest.mapper.UserMapper">
  <resultMap id="BaseResultMap" type="com.answer.contest.entity.User">
    <!--
      WARNING - @mbg.generated
    -->
    <result column="id" jdbcType="INTEGER" property="id" />
    <result column="account" jdbcType="VARCHAR" property="account" />
    <result column="password" jdbcType="VARCHAR" property="password" />
    <result column="user_name" jdbcType="VARCHAR" property="userName" />
    <result column="major_type" jdbcType="INTEGER" property="majorType" />
    <result column="is_cross_sector" jdbcType="BIT" property="isCrossSector" />
    <result column="group_leader" jdbcType="VARCHAR" property="groupLeader" />
    <result column="member" jdbcType="VARCHAR" property="member" />
  </resultMap>
</mapper>